FTR00205;HUA11454;hua1145401.prt;wtpub://MDM Production/Libraries/Rondo_Library/Mechanical Components/Fasteners/Screw/General Screw Metric/hua1145401.prt
FTR00205;HUA11455;hua1145501.prt;wtpub://MDM Production/Libraries/Rondo_Library/Mechanical Components/Fasteners/Screw/General Screw Metric/hua1145501.prt
FTR00205;HUA11457;hua1145701.prt;wtpub://MDM Production/Libraries/Rondo_Library/Mechanical Components/Fasteners/Screw/General Screw Metric/hua1145701.prt
FTR00205;21628185;2162818501.prt;wtpub://MDM Production/Libraries/Rondo_Library/Mechanical Components/Fasteners/Screw/General Screw Metric/2162818501.prt
FTR00205;HUA11456;hua1145601.prt;wtpub://MDM Production/Libraries/Rondo_Library/Mechanical Components/Fasteners/Screw/General Screw Metric/hua1145601.prt
FTR00205;21628126;2162812601.prt;wtpub://MDM Production/Libraries/Rondo_Library/Mechanical Components/Fasteners/Screw/General Screw Metric/2162812601.prt
FTR00205;HUA22866;hua2286601.prt;wtpub://MDM Production/Libraries/Rondo_Library/Mechanical Components/Fasteners/Screw/General Screw Metric/hua2286601.prt
FTR00205;21628186;2162818601.prt;wtpub://MDM Production/Libraries/Rondo_Library/Mechanical Components/Fasteners/Screw/General Screw Metric/2162818601.prt
FTR00205;HUA41153;nve1408500.prt;wtpub://MDM Production/Libraries/Rondo_Library/Mechanical Components/Fasteners/Screw/General Screw Metric/nve1408500.prt
FTR00205;HUA28825;hua2882501.prt;wtpub://MDM Production/Libraries/Rondo_Library/Mechanical Components/Fasteners/Screw/General Screw Metric/hua2882501.prt
FTR00205;HUA22802;hua2280201.prt;wtpub://MDM Production/Libraries/Rondo_Library/Mechanical Components/Fasteners/Screw/General Screw Metric/hua2280201.prt
FTR00205;21628187;2162818701.prt;wtpub://MDM Production/Libraries/Rondo_Library/Mechanical Components/Fasteners/Screw/General Screw Metric/2162818701.prt
FTR00205;HUA22842;hua2284201.prt;wtpub://MDM Production/Libraries/Rondo_Library/Mechanical Components/Fasteners/Screw/General Screw Metric/hua2284201.prt
FTR00205;HUA33183;hua3318301.prt;wtpub://MDM Production/Libraries/Rondo_Library/Mechanical Components/Fasteners/Screw/General Screw Metric/hua3318301.prt
FTR00205;HUA11458;hua1145801.prt;wtpub://MDM Production/Libraries/Rondo_Library/Mechanical Components/Fasteners/Screw/General Screw Metric/hua1145801.prt
FTR00205;HUA22867;hua2286701.prt;wtpub://MDM Production/Libraries/Rondo_Library/Mechanical Components/Fasteners/Screw/General Screw Metric/hua2286701.prt
FTR00205;21628188;2162818801.prt;wtpub://MDM Production/Libraries/Rondo_Library/Mechanical Components/Fasteners/Screw/General Screw Metric/2162818801.prt
FTR00205;HUA22843;hua2284301.prt;wtpub://MDM Production/Libraries/Rondo_Library/Mechanical Components/Fasteners/Screw/General Screw Metric/hua2284301.prt
FTR00205;21628248;2162824801.prt;wtpub://MDM Production/Libraries/Rondo_Library/Mechanical Components/Fasteners/Screw/General Screw Metric/2162824801.prt
FTR00205;HUA12569;hua1256901.prt;wtpub://MDM Production/Libraries/Rondo_Library/Mechanical Components/Fasteners/Screw/General Screw Metric/hua1256901.prt
FTR00205;HUA38120;hua3812001.prt;wtpub://MDM Production/Libraries/Rondo_Library/Mechanical Components/Fasteners/Screw/General Screw Metric/hua3812001.prt
FTR00205;21628189;2162818901.prt;wtpub://MDM Production/Libraries/Rondo_Library/Mechanical Components/Fasteners/Screw/General Screw Metric/2162818901.prt
FTR00205;HUA22844;hua2284401.prt;wtpub://MDM Production/Libraries/Rondo_Library/Mechanical Components/Fasteners/Screw/General Screw Metric/hua2284401.prt
FTR00205;21628249;2162824901.prt;wtpub://MDM Production/Libraries/Rondo_Library/Mechanical Components/Fasteners/Screw/General Screw Metric/2162824901.prt
FTR00205;21628130;2162813001.prt;wtpub://MDM Production/Libraries/Rondo_Library/Mechanical Components/Fasteners/Screw/General Screw Metric/2162813001.prt
FTR00205;HUA22803;hua2280301.prt;wtpub://MDM Production/Libraries/Rondo_Library/Mechanical Components/Fasteners/Screw/General Screw Metric/hua2280301.prt
FTR00205;21628190;2162819001.prt;wtpub://MDM Production/Libraries/Rondo_Library/Mechanical Components/Fasteners/Screw/General Screw Metric/2162819001.prt
FTR00205;HUA22845;hua2284501.prt;wtpub://MDM Production/Libraries/Rondo_Library/Mechanical Components/Fasteners/Screw/General Screw Metric/hua2284501.prt
FTR00205;21628250;2162825001.prt;wtpub://MDM Production/Libraries/Rondo_Library/Mechanical Components/Fasteners/Screw/General Screw Metric/2162825001.prt
FTR00205;21628191;2162819101.prt;wtpub://MDM Production/Libraries/Rondo_Library/Mechanical Components/Fasteners/Screw/General Screw Metric/2162819101.prt
FTR00205;HUA22846;hua2284601.prt;wtpub://MDM Production/Libraries/Rondo_Library/Mechanical Components/Fasteners/Screw/General Screw Metric/hua2284601.prt
FTR00205;21628251;2162825101.prt;wtpub://MDM Production/Libraries/Rondo_Library/Mechanical Components/Fasteners/Screw/General Screw Metric/2162825101.prt
FTR00205;HUA22868;hua2286801.prt;wtpub://MDM Production/Libraries/Rondo_Library/Mechanical Components/Fasteners/Screw/General Screw Metric/hua2286801.prt
FTR00205;21628192;2162819201.prt;wtpub://MDM Production/Libraries/Rondo_Library/Mechanical Components/Fasteners/Screw/General Screw Metric/2162819201.prt
FTR00205;HUA22847;hua2284701.prt;wtpub://MDM Production/Libraries/Rondo_Library/Mechanical Components/Fasteners/Screw/General Screw Metric/hua2284701.prt
FTR00205;21628252;2162825201.prt;wtpub://MDM Production/Libraries/Rondo_Library/Mechanical Components/Fasteners/Screw/General Screw Metric/2162825201.prt
FTR00205;HUA36239;hua3623901.prt;wtpub://MDM Production/Libraries/Rondo_Library/Mechanical Components/Fasteners/Screw/General Screw Metric/hua3623901.prt
FTR00205;HUA22848;hua2284801.prt;wtpub://MDM Production/Libraries/Rondo_Library/Mechanical Components/Fasteners/Screw/General Screw Metric/hua2284801.prt
FTR00205;21628253;2162825301.prt;wtpub://MDM Production/Libraries/Rondo_Library/Mechanical Components/Fasteners/Screw/General Screw Metric/2162825301.prt
FTR00205;HUA27452;hua2745201.prt;wtpub://MDM Production/Libraries/Rondo_Library/Mechanical Components/Fasteners/Screw/General Screw Metric/hua2745201.prt
FTR00205;HUA22869;hua2286901.prt;wtpub://MDM Production/Libraries/Rondo_Library/Mechanical Components/Fasteners/Screw/General Screw Metric/hua2286901.prt
FTR00205;HUA27892;hua2789201.prt;wtpub://MDM Production/Libraries/Rondo_Library/Mechanical Components/Fasteners/Screw/General Screw Metric/hua2789201.prt
FTR00205;HUA22849;hua2284901.prt;wtpub://MDM Production/Libraries/Rondo_Library/Mechanical Components/Fasteners/Screw/General Screw Metric/hua2284901.prt
FTR00205;21628254;2162825401.prt;wtpub://MDM Production/Libraries/Rondo_Library/Mechanical Components/Fasteners/Screw/General Screw Metric/2162825401.prt
FTR00205;21628195;2162819501.prt;wtpub://MDM Production/Libraries/Rondo_Library/Mechanical Components/Fasteners/Screw/General Screw Metric/2162819501.prt
FTR00205;HUA22850;hua2285001.prt;wtpub://MDM Production/Libraries/Rondo_Library/Mechanical Components/Fasteners/Screw/General Screw Metric/hua2285001.prt
FTR00191;21431095;2143109501.prt;wtpub://MDM Production/Libraries/Rondo_Library/Mechanical Components/Fasteners/Screw/General Screw Metric/2143109501.prt
FTR00191;21431099;2143109901.prt;wtpub://MDM Production/Libraries/Rondo_Library/Mechanical Components/Fasteners/Screw/General Screw Metric/2143109901.prt
FTR00191;21431101;2143110101.prt;wtpub://MDM Production/Libraries/Rondo_Library/Mechanical Components/Fasteners/Screw/General Screw Metric/2143110101.prt
FTR00191;21431639;2143163901.prt;wtpub://MDM Production/Libraries/Rondo_Library/Mechanical Components/Fasteners/Screw/General Screw Metric/2143163901.prt
FTR00191;HUA11440;hua1144001.prt;wtpub://MDM Production/Libraries/Rondo_Library/Mechanical Components/Fasteners/Screw/General Screw Metric/hua1144001.prt
FTR00191;HUA11441;hua1144101.prt;wtpub://MDM Production/Libraries/Rondo_Library/Mechanical Components/Fasteners/Screw/General Screw Metric/hua1144101.prt
FTR00191;HUA11442;hua1144201.prt;wtpub://MDM Production/Libraries/Rondo_Library/Mechanical Components/Fasteners/Screw/General Screw Metric/hua1144201.prt
FTR00191;HUA11443;hua1144301.prt;wtpub://MDM Production/Libraries/Rondo_Library/Mechanical Components/Fasteners/Screw/General Screw Metric/hua1144301.prt
FTR00191;HUA11444;hua1144401.prt;wtpub://MDM Production/Libraries/Rondo_Library/Mechanical Components/Fasteners/Screw/General Screw Metric/hua1144401.prt
FTR00191;HUA11445;hua1144501.prt;wtpub://MDM Production/Libraries/Rondo_Library/Mechanical Components/Fasteners/Screw/General Screw Metric/hua1144501.prt
FTR00191;HUA11446;hua1144601.prt;wtpub://MDM Production/Libraries/Rondo_Library/Mechanical Components/Fasteners/Screw/General Screw Metric/hua1144601.prt
FTR00191;HUA11447;hua1144701.prt;wtpub://MDM Production/Libraries/Rondo_Library/Mechanical Components/Fasteners/Screw/General Screw Metric/hua1144701.prt
FTR00191;HUA11448;hua1144801.prt;wtpub://MDM Production/Libraries/Rondo_Library/Mechanical Components/Fasteners/Screw/General Screw Metric/hua1144801.prt
FTR00191;HUA11449;hua1144901.prt;wtpub://MDM Production/Libraries/Rondo_Library/Mechanical Components/Fasteners/Screw/General Screw Metric/hua1144901.prt
FTR00191;HUA11451;hua1145101.prt;wtpub://MDM Production/Libraries/Rondo_Library/Mechanical Components/Fasteners/Screw/General Screw Metric/hua1145101.prt
FTR00191;HUA11453;hua1145301.prt;wtpub://MDM Production/Libraries/Rondo_Library/Mechanical Components/Fasteners/Screw/General Screw Metric/hua1145301.prt
FTR00191;HUA11486;hua1148601.prt;wtpub://MDM Production/Libraries/Rondo_Library/Mechanical Components/Fasteners/Screw/General Screw Metric/hua1148601.prt
FTR00191;HUA12367;hua1236701.prt;wtpub://MDM Production/Libraries/Rondo_Library/Mechanical Components/Fasteners/Screw/General Screw Metric/hua1236701.prt
FTR00191;HUA12368;hua1236801.prt;wtpub://MDM Production/Libraries/Rondo_Library/Mechanical Components/Fasteners/Screw/General Screw Metric/hua1236801.prt
FTR00191;HUA12369;hua1236901.prt;wtpub://MDM Production/Libraries/Rondo_Library/Mechanical Components/Fasteners/Screw/General Screw Metric/hua1236901.prt
FTR00191;HUA12370;hua1237001.prt;wtpub://MDM Production/Libraries/Rondo_Library/Mechanical Components/Fasteners/Screw/General Screw Metric/hua1237001.prt
FTR00191;HUA12371;hua1237101.prt;wtpub://MDM Production/Libraries/Rondo_Library/Mechanical Components/Fasteners/Screw/General Screw Metric/hua1237101.prt
FTR00191;HUA12374;hua1237401.prt;wtpub://MDM Production/Libraries/Rondo_Library/Mechanical Components/Fasteners/Screw/General Screw Metric/hua1237401.prt
FTR00191;HUA12375;hua1237501.prt;wtpub://MDM Production/Libraries/Rondo_Library/Mechanical Components/Fasteners/Screw/General Screw Metric/hua1237501.prt
FTR00191;HUA12376;hua1237601.prt;wtpub://MDM Production/Libraries/Rondo_Library/Mechanical Components/Fasteners/Screw/General Screw Metric/hua1237601.prt
FTR00191;HUA12593;hua1259301.prt;wtpub://MDM Production/Libraries/Rondo_Library/Mechanical Components/Fasteners/Screw/General Screw Metric/hua1259301.prt
FTR00191;HUA12594;hua1259401.prt;wtpub://MDM Production/Libraries/Rondo_Library/Mechanical Components/Fasteners/Screw/General Screw Metric/hua1259401.prt
FTR00191;HUA13745;hua1374501.prt;wtpub://MDM Production/Libraries/Rondo_Library/Mechanical Components/Fasteners/Screw/General Screw Metric/hua1374501.prt
FTR00191;HUA13746;hua1374601.prt;wtpub://MDM Production/Libraries/Rondo_Library/Mechanical Components/Fasteners/Screw/General Screw Metric/hua1374601.prt
FTR00191;HUA13747;hua1374701.prt;wtpub://MDM Production/Libraries/Rondo_Library/Mechanical Components/Fasteners/Screw/General Screw Metric/hua1374701.prt
FTR00191;HUA13748;hua1374801.prt;wtpub://MDM Production/Libraries/Rondo_Library/Mechanical Components/Fasteners/Screw/General Screw Metric/hua1374801.prt
FTR00191;HUA13750;hua1375001.prt;wtpub://MDM Production/Libraries/Rondo_Library/Mechanical Components/Fasteners/Screw/General Screw Metric/hua1375001.prt
FTR00191;HUA13753;hua1375301.prt;wtpub://MDM Production/Libraries/Rondo_Library/Mechanical Components/Fasteners/Screw/General Screw Metric/hua1375301.prt
FTR00191;HUA14552;hua1455201.prt;wtpub://MDM Production/Libraries/Rondo_Library/Mechanical Components/Fasteners/Screw/General Screw Metric/hua1455201.prt
FTR00191;HUA14554;hua1455401.prt;wtpub://MDM Production/Libraries/Rondo_Library/Mechanical Components/Fasteners/Screw/General Screw Metric/hua1455401.prt
FTR00191;HUA14556;hua1455601.prt;wtpub://MDM Production/Libraries/Rondo_Library/Mechanical Components/Fasteners/Screw/General Screw Metric/hua1455601.prt
FTR00191;HUA14557;hua1455701.prt;wtpub://MDM Production/Libraries/Rondo_Library/Mechanical Components/Fasteners/Screw/General Screw Metric/hua1455701.prt
FTR00191;HUA14558;hua1455801.prt;wtpub://MDM Production/Libraries/Rondo_Library/Mechanical Components/Fasteners/Screw/General Screw Metric/hua1455801.prt
FTR00191;HUA14562;hua1456201.prt;wtpub://MDM Production/Libraries/Rondo_Library/Mechanical Components/Fasteners/Screw/General Screw Metric/hua1456201.prt
FTR00191;HUA14563;hua1456301.prt;wtpub://MDM Production/Libraries/Rondo_Library/Mechanical Components/Fasteners/Screw/General Screw Metric/hua1456301.prt
FTR00191;HUA14564;hua1456401.prt;wtpub://MDM Production/Libraries/Rondo_Library/Mechanical Components/Fasteners/Screw/General Screw Metric/hua1456401.prt
FTR00191;HUA14565;hua1456501.prt;wtpub://MDM Production/Libraries/Rondo_Library/Mechanical Components/Fasteners/Screw/General Screw Metric/hua1456501.prt
FTR00191;HUA14570;hua1457001.prt;wtpub://MDM Production/Libraries/Rondo_Library/Mechanical Components/Fasteners/Screw/General Screw Metric/hua1457001.prt
FTR00191;HUA14571;hua1457101.prt;wtpub://MDM Production/Libraries/Rondo_Library/Mechanical Components/Fasteners/Screw/General Screw Metric/hua1457101.prt
FTR00191;HUA14572;hua1457201.prt;wtpub://MDM Production/Libraries/Rondo_Library/Mechanical Components/Fasteners/Screw/General Screw Metric/hua1457201.prt
FTR00191;HUA14578;hua1457801.prt;wtpub://MDM Production/Libraries/Rondo_Library/Mechanical Components/Fasteners/Screw/General Screw Metric/hua1457801.prt
FTR00191;HUA14579;hua1457901.prt;wtpub://MDM Production/Libraries/Rondo_Library/Mechanical Components/Fasteners/Screw/General Screw Metric/hua1457901.prt
FTR00191;HUA14591;hua1459101.prt;wtpub://MDM Production/Libraries/Rondo_Library/Mechanical Components/Fasteners/Screw/General Screw Metric/hua1459101.prt
FTR00191;HUA14592;hua1459201.prt;wtpub://MDM Production/Libraries/Rondo_Library/Mechanical Components/Fasteners/Screw/General Screw Metric/hua1459201.prt
FTR00191;HUA14593;hua1459301.prt;wtpub://MDM Production/Libraries/Rondo_Library/Mechanical Components/Fasteners/Screw/General Screw Metric/hua1459301.prt
FTR00191;HUA14594;hua1459401.prt;wtpub://MDM Production/Libraries/Rondo_Library/Mechanical Components/Fasteners/Screw/General Screw Metric/hua1459401.prt
FTR00191;HUA14595;hua1459501.prt;wtpub://MDM Production/Libraries/Rondo_Library/Mechanical Components/Fasteners/Screw/General Screw Metric/hua1459501.prt
FTR00191;HUA14600;hua1460001.prt;wtpub://MDM Production/Libraries/Rondo_Library/Mechanical Components/Fasteners/Screw/General Screw Metric/hua1460001.prt
FTR00191;HUA14601;hua1460101.prt;wtpub://MDM Production/Libraries/Rondo_Library/Mechanical Components/Fasteners/Screw/General Screw Metric/hua1460101.prt
FTR00191;HUA14602;hua1460201.prt;wtpub://MDM Production/Libraries/Rondo_Library/Mechanical Components/Fasteners/Screw/General Screw Metric/hua1460201.prt
FTR00191;HUA14604;hua1460401.prt;wtpub://MDM Production/Libraries/Rondo_Library/Mechanical Components/Fasteners/Screw/General Screw Metric/hua1460401.prt
FTR00191;HUA14609;hua1460901.prt;wtpub://MDM Production/Libraries/Rondo_Library/Mechanical Components/Fasteners/Screw/General Screw Metric/hua1460901.prt
FTR00191;HUA14610;hua1461001.prt;wtpub://MDM Production/Libraries/Rondo_Library/Mechanical Components/Fasteners/Screw/General Screw Metric/hua1461001.prt
FTR00191;HUA14612;hua1461201.prt;wtpub://MDM Production/Libraries/Rondo_Library/Mechanical Components/Fasteners/Screw/General Screw Metric/hua1461201.prt
FTR00191;HUA14613;hua1461301.prt;wtpub://MDM Production/Libraries/Rondo_Library/Mechanical Components/Fasteners/Screw/General Screw Metric/hua1461301.prt
FTR00191;HUA14614;hua1461401.prt;wtpub://MDM Production/Libraries/Rondo_Library/Mechanical Components/Fasteners/Screw/General Screw Metric/hua1461401.prt
FTR00191;HUA14615;hua1461501.prt;wtpub://MDM Production/Libraries/Rondo_Library/Mechanical Components/Fasteners/Screw/General Screw Metric/hua1461501.prt
FTR00191;HUA14616;hua1461601.prt;wtpub://MDM Production/Libraries/Rondo_Library/Mechanical Components/Fasteners/Screw/General Screw Metric/hua1461601.prt
FTR00191;HUA14617;hua1461701.prt;wtpub://MDM Production/Libraries/Rondo_Library/Mechanical Components/Fasteners/Screw/General Screw Metric/hua1461701.prt
FTR00191;HUA14630;hua1463001.prt;wtpub://MDM Production/Libraries/Rondo_Library/Mechanical Components/Fasteners/Screw/General Screw Metric/hua1463001.prt
FTR00191;HUA14631;hua1463101.prt;wtpub://MDM Production/Libraries/Rondo_Library/Mechanical Components/Fasteners/Screw/General Screw Metric/hua1463101.prt
FTR00191;HUA14632;hua1463201.prt;wtpub://MDM Production/Libraries/Rondo_Library/Mechanical Components/Fasteners/Screw/General Screw Metric/hua1463201.prt
FTR00191;HUA14633;hua1463301.prt;wtpub://MDM Production/Libraries/Rondo_Library/Mechanical Components/Fasteners/Screw/General Screw Metric/hua1463301.prt
FTR00191;HUA14634;hua1463401.prt;wtpub://MDM Production/Libraries/Rondo_Library/Mechanical Components/Fasteners/Screw/General Screw Metric/hua1463401.prt
FTR00191;HUA20515;hua2051501.prt;wtpub://MDM Production/Libraries/Rondo_Library/Mechanical Components/Fasteners/Screw/General Screw Metric/hua2051501.prt
FTR00191;HUA40537;nha8414400.prt;wtpub://MDM Production/Libraries/Rondo_Library/Mechanical Components/Fasteners/Screw/General Screw Metric/nha8414400.prt
FTR00191;HUA41333;nve2599900.prt;wtpub://MDM Production/Libraries/Rondo_Library/Mechanical Components/Fasteners/Screw/General Screw Metric/nve2599900.prt
FTR00191;V1109969;v110996901.prt;wtpub://MDM Production/Libraries/Rondo_Library/Mechanical Components/Fasteners/Screw/General Screw Metric/v110996901.prt
FTR00191;V12130015;v1213001501.prt;wtpub://MDM Production/Libraries/Rondo_Library/Mechanical Components/Fasteners/Screw/General Screw Metric/v1213001501.prt
